{
    "counter": {
        "ACTIVE": 347,
        "INACTIVE": 0,
        "INVALID": 5,
        "MALICIOUS": 0,
        "SANE": 0,
        "VALID": 0,
        "total": 352
    },
    "percentage": {
        "ACTIVE": 98.57954545454545,
        "INACTIVE": 0,
        "INVALID": 1.4245014245014245,
        "MALICIOUS": 0,
        "SANE": 0,
        "VALID": 0,
        "total": 100.00404687904688
    }
}