{
    "counter": {
        "ACTIVE": 339,
        "INACTIVE": 1,
        "INVALID": 4,
        "MALICIOUS": 0,
        "SANE": 0,
        "VALID": 0,
        "total": 344
    },
    "percentage": {
        "ACTIVE": 99.41348973607037,
        "INACTIVE": 2.857142857142857,
        "INVALID": 1.1627906976744187,
        "MALICIOUS": 0,
        "SANE": 0,
        "VALID": 0,
        "total": 103.43342329088766
    }
}