{
    "counter": {
        "ACTIVE": 32,
        "INACTIVE": 0,
        "INVALID": 199,
        "MALICIOUS": 0,
        "SANE": 0,
        "VALID": 0,
        "total": 231
    },
    "percentage": {
        "ACTIVE": 13.973799126637555,
        "INACTIVE": 0,
        "INVALID": 86.14718614718615,
        "MALICIOUS": 0,
        "SANE": 0,
        "VALID": 0,
        "total": 100.1209852738237
    }
}