{
    "counter": {
        "ACTIVE": 354,
        "INACTIVE": 19,
        "INVALID": 4018,
        "MALICIOUS": 0,
        "SANE": 0,
        "VALID": 0,
        "total": 4391
    },
    "percentage": {
        "ACTIVE": 8.061944887269414,
        "INACTIVE": 0.4662576687116564,
        "INVALID": 91.63055872291905,
        "MALICIOUS": 0,
        "SANE": 0,
        "VALID": 0,
        "total": 100.15876127890012
    }
}