{
    "counter": {
        "ACTIVE": 337,
        "INACTIVE": 0,
        "INVALID": 9,
        "MALICIOUS": 0,
        "SANE": 0,
        "VALID": 0,
        "total": 346
    },
    "percentage": {
        "ACTIVE": 97.39884393063583,
        "INACTIVE": 0,
        "INVALID": 2.608695652173913,
        "MALICIOUS": 0,
        "SANE": 0,
        "VALID": 0,
        "total": 100.00753958280974
    }
}