{
    "counter": {
        "ACTIVE": 344,
        "INACTIVE": 0,
        "INVALID": 9,
        "MALICIOUS": 0,
        "SANE": 0,
        "VALID": 0,
        "total": 353
    },
    "percentage": {
        "ACTIVE": 97.45042492917847,
        "INACTIVE": 0,
        "INVALID": 2.6392961876832843,
        "MALICIOUS": 0,
        "SANE": 0,
        "VALID": 0,
        "total": 100.08972111686175
    }
}