{
    "counter": {
        "ACTIVE": 326,
        "INACTIVE": 0,
        "INVALID": 9,
        "MALICIOUS": 0,
        "SANE": 0,
        "VALID": 0,
        "total": 335
    },
    "percentage": {
        "ACTIVE": 97.31343283582089,
        "INACTIVE": 0,
        "INVALID": 2.7439024390243905,
        "MALICIOUS": 0,
        "SANE": 0,
        "VALID": 0,
        "total": 100.05733527484529
    }
}