{
    "counter": {
        "ACTIVE": 334,
        "INACTIVE": 1,
        "INVALID": 1,
        "MALICIOUS": 0,
        "SANE": 0,
        "VALID": 0,
        "total": 336
    },
    "percentage": {
        "ACTIVE": 99.4047619047619,
        "INACTIVE": 0.40816326530612246,
        "INVALID": 1.3513513513513513,
        "MALICIOUS": 0,
        "SANE": 0,
        "VALID": 0,
        "total": 101.16427652141938
    }
}