{
    "counter": {
        "ACTIVE": 346,
        "INACTIVE": 0,
        "INVALID": 5,
        "MALICIOUS": 0,
        "SANE": 0,
        "VALID": 0,
        "total": 351
    },
    "percentage": {
        "ACTIVE": 98.57549857549857,
        "INACTIVE": 0,
        "INVALID": 3.9682539682539684,
        "MALICIOUS": 0,
        "SANE": 0,
        "VALID": 0,
        "total": 102.54375254375253
    }
}