{
    "counter": {
        "ACTIVE": 339,
        "INACTIVE": 0,
        "INVALID": 5,
        "MALICIOUS": 0,
        "SANE": 0,
        "VALID": 0,
        "total": 344
    },
    "percentage": {
        "ACTIVE": 98.54651162790698,
        "INACTIVE": 0,
        "INVALID": 1.7123287671232876,
        "MALICIOUS": 0,
        "SANE": 0,
        "VALID": 0,
        "total": 100.25884039503026
    }
}