{
    "counter": {
        "ACTIVE": 339,
        "INACTIVE": 0,
        "INVALID": 1,
        "MALICIOUS": 0,
        "SANE": 0,
        "VALID": 0,
        "total": 340
    },
    "percentage": {
        "ACTIVE": 99.70588235294117,
        "INACTIVE": 0,
        "INVALID": 0.3968253968253968,
        "MALICIOUS": 0,
        "SANE": 0,
        "VALID": 0,
        "total": 100.10270774976657
    }
}