{
    "counter": {
        "ACTIVE": 336,
        "INACTIVE": 0,
        "INVALID": 1,
        "MALICIOUS": 0,
        "SANE": 0,
        "VALID": 0,
        "total": 337
    },
    "percentage": {
        "ACTIVE": 99.70326409495549,
        "INACTIVE": 0,
        "INVALID": 0.2976190476190476,
        "MALICIOUS": 0,
        "SANE": 0,
        "VALID": 0,
        "total": 100.00088314257454
    }
}