{
    "counter": {
        "ACTIVE": 356,
        "INACTIVE": 0,
        "INVALID": 13,
        "MALICIOUS": 0,
        "SANE": 0,
        "VALID": 0,
        "total": 369
    },
    "percentage": {
        "ACTIVE": 96.73913043478261,
        "INACTIVE": 0,
        "INVALID": 3.5230352303523036,
        "MALICIOUS": 0,
        "SANE": 0,
        "VALID": 0,
        "total": 100.26216566513492
    }
}