{
    "counter": {
        "ACTIVE": 364,
        "INACTIVE": 1,
        "INVALID": 1,
        "MALICIOUS": 0,
        "SANE": 0,
        "VALID": 0,
        "total": 366
    },
    "percentage": {
        "ACTIVE": 99.4535519125683,
        "INACTIVE": 0.2824858757062147,
        "INVALID": 50.0,
        "MALICIOUS": 0,
        "SANE": 0,
        "VALID": 0,
        "total": 149.73603778827453
    }
}