{
    "counter": {
        "ACTIVE": 332,
        "INACTIVE": 1,
        "INVALID": 11,
        "MALICIOUS": 0,
        "SANE": 0,
        "VALID": 0,
        "total": 344
    },
    "percentage": {
        "ACTIVE": 97.93510324483776,
        "INACTIVE": 0.398406374501992,
        "INVALID": 3.197674418604651,
        "MALICIOUS": 0,
        "SANE": 0,
        "VALID": 0,
        "total": 101.5311840379444
    }
}