{
    "counter": {
        "ACTIVE": 355,
        "INACTIVE": 0,
        "INVALID": 6,
        "MALICIOUS": 0,
        "SANE": 0,
        "VALID": 0,
        "total": 361
    },
    "percentage": {
        "ACTIVE": 98.33795013850416,
        "INACTIVE": 0,
        "INVALID": 1.829268292682927,
        "MALICIOUS": 0,
        "SANE": 0,
        "VALID": 0,
        "total": 100.16721843118708
    }
}