{
    "counter": {
        "ACTIVE": 360,
        "INACTIVE": 0,
        "INVALID": 2,
        "MALICIOUS": 0,
        "SANE": 0,
        "VALID": 0,
        "total": 362
    },
    "percentage": {
        "ACTIVE": 99.4475138121547,
        "INACTIVE": 0,
        "INVALID": 0.5899705014749262,
        "MALICIOUS": 0,
        "SANE": 0,
        "VALID": 0,
        "total": 100.03748431362962
    }
}