{
    "counter": {
        "ACTIVE": 346,
        "INACTIVE": 0,
        "INVALID": 6,
        "MALICIOUS": 0,
        "SANE": 0,
        "VALID": 0,
        "total": 352
    },
    "percentage": {
        "ACTIVE": 98.29545454545455,
        "INACTIVE": 0,
        "INVALID": 1.8181818181818181,
        "MALICIOUS": 0,
        "SANE": 0,
        "VALID": 0,
        "total": 100.11363636363636
    }
}