{
    "counter": {
        "ACTIVE": 363,
        "INACTIVE": 0,
        "INVALID": 3,
        "MALICIOUS": 0,
        "SANE": 0,
        "VALID": 0,
        "total": 366
    },
    "percentage": {
        "ACTIVE": 99.18032786885246,
        "INACTIVE": 0,
        "INVALID": 2.3076923076923075,
        "MALICIOUS": 0,
        "SANE": 0,
        "VALID": 0,
        "total": 101.48802017654477
    }
}