{
    "counter": {
        "ACTIVE": 384,
        "INACTIVE": 1,
        "INVALID": 6,
        "MALICIOUS": 0,
        "SANE": 0,
        "VALID": 0,
        "total": 391
    },
    "percentage": {
        "ACTIVE": 98.20971867007673,
        "INACTIVE": 0.2557544757033248,
        "INVALID": 1.5345268542199488,
        "MALICIOUS": 0.0,
        "SANE": 0.0,
        "VALID": 0.0,
        "total": 100.0
    }
}