{
    "counter": {
        "ACTIVE": 334,
        "INACTIVE": 0,
        "INVALID": 4,
        "MALICIOUS": 0,
        "SANE": 0,
        "VALID": 0,
        "total": 338
    },
    "percentage": {
        "ACTIVE": 98.81656804733728,
        "INACTIVE": 0,
        "INVALID": 1.2048192771084338,
        "MALICIOUS": 0,
        "SANE": 0,
        "VALID": 0,
        "total": 100.02138732444571
    }
}