{
    "counter": {
        "ACTIVE": 361,
        "INACTIVE": 0,
        "INVALID": 3,
        "MALICIOUS": 0,
        "SANE": 0,
        "VALID": 0,
        "total": 364
    },
    "percentage": {
        "ACTIVE": 99.17582417582418,
        "INACTIVE": 0,
        "INVALID": 2.3076923076923075,
        "MALICIOUS": 0,
        "SANE": 0,
        "VALID": 0,
        "total": 101.48351648351648
    }
}