{
    "counter": {
        "ACTIVE": 354,
        "INACTIVE": 4,
        "INVALID": 0,
        "MALICIOUS": 0,
        "SANE": 0,
        "VALID": 0,
        "total": 358
    },
    "percentage": {
        "ACTIVE": 98.88268156424581,
        "INACTIVE": 1.3513513513513513,
        "INVALID": 0,
        "MALICIOUS": 0,
        "SANE": 0,
        "VALID": 0,
        "total": 100.23403291559717
    }
}