{
    "counter": {
        "ACTIVE": 340,
        "INACTIVE": 0,
        "INVALID": 20,
        "MALICIOUS": 0,
        "SANE": 0,
        "VALID": 0,
        "total": 360
    },
    "percentage": {
        "ACTIVE": 96.3172804532578,
        "INACTIVE": 0,
        "INVALID": 5.555555555555555,
        "MALICIOUS": 0,
        "SANE": 0,
        "VALID": 0,
        "total": 101.87283600881335
    }
}