{
    "counter": {
        "ACTIVE": 352,
        "INACTIVE": 0,
        "INVALID": 2,
        "MALICIOUS": 0,
        "SANE": 0,
        "VALID": 0,
        "total": 354
    },
    "percentage": {
        "ACTIVE": 99.43502824858757,
        "INACTIVE": 0,
        "INVALID": 1.342281879194631,
        "MALICIOUS": 0,
        "SANE": 0,
        "VALID": 0,
        "total": 100.7773101277822
    }
}