{
    "counter": {
        "ACTIVE": 342,
        "INACTIVE": 2,
        "INVALID": 0,
        "MALICIOUS": 0,
        "SANE": 0,
        "VALID": 0,
        "total": 344
    },
    "percentage": {
        "ACTIVE": 99.4186046511628,
        "INACTIVE": 0.7782101167315175,
        "INVALID": 0,
        "MALICIOUS": 0,
        "SANE": 0,
        "VALID": 0,
        "total": 100.19681476789431
    }
}