{
    "counter": {
        "Dynadot, LLC": 1,
        "GoDaddy.com, LLC": 2,
        "Jagat Informasi Solusi (int)": 1,
        "Name.com, Inc.": 4,
        "NameCheap, Inc.": 5,
        "total": 13
    },
    "percentage": {
        "Dynadot, LLC": 7.6923076923076925,
        "GoDaddy.com, LLC": 15.384615384615385,
        "Jagat Informasi Solusi (int)": 7.6923076923076925,
        "Name.com, Inc.": 30.76923076923077,
        "NameCheap, Inc.": 38.46153846153846,
        "total": 100.0
    }
}