{
    "counter": {
        "101domain GRS Limited": 1,
        "Media Elite Holdings Limited": 1,
        "NameCheap, Inc.": 3,
        "Namecheap": 2,
        "total": 7
    },
    "percentage": {
        "101domain GRS Limited": 14.285714285714286,
        "Media Elite Holdings Limited": 14.285714285714286,
        "NameCheap, Inc.": 42.857142857142854,
        "Namecheap": 28.571428571428573,
        "total": 100.0
    }
}