{
    "counter": {
        "CV. Rumahweb Indonesia": 2,
        "CommuniGal Communication Ltd.": 2,
        "Dynadot, LLC": 2,
        "GoDaddy.com, LLC": 4,
        "Internet Domain Service BS Corp": 2,
        "MYNIC Berhad": 10,
        "Name.com, Inc.": 4,
        "NameCheap, Inc.": 26,
        "Namecheap": 2,
        "TLD Registrar Solutions Ltd.": 2,
        "total": 56
    },
    "percentage": {
        "CV. Rumahweb Indonesia": 3.5714285714285716,
        "CommuniGal Communication Ltd.": 3.5714285714285716,
        "Dynadot, LLC": 3.5714285714285716,
        "GoDaddy.com, LLC": 7.142857142857143,
        "Internet Domain Service BS Corp": 3.5714285714285716,
        "MYNIC Berhad": 17.857142857142858,
        "Name.com, Inc.": 7.142857142857143,
        "NameCheap, Inc.": 46.42857142857143,
        "Namecheap": 3.5714285714285716,
        "TLD Registrar Solutions Ltd.": 3.5714285714285716,
        "total": 100.0
    }
}