{
    "counter": {
        "CV. Rumahweb Indonesia": 4,
        "CommuniGal Communication Ltd.": 2,
        "Dynadot, LLC": 2,
        "GoDaddy.com, LLC": 4,
        "Internet Domain Service BS Corp": 2,
        "Jagat Informasi Solusi (int)": 2,
        "Name.com, Inc.": 6,
        "NameCheap, Inc.": 22,
        "Namecheap": 2,
        "TLD Registrar Solutions Ltd.": 2,
        "total": 48
    },
    "percentage": {
        "CV. Rumahweb Indonesia": 8.333333333333334,
        "CommuniGal Communication Ltd.": 4.166666666666667,
        "Dynadot, LLC": 4.166666666666667,
        "GoDaddy.com, LLC": 8.333333333333334,
        "Internet Domain Service BS Corp": 4.166666666666667,
        "Jagat Informasi Solusi (int)": 4.166666666666667,
        "Name.com, Inc.": 12.5,
        "NameCheap, Inc.": 45.833333333333336,
        "Namecheap": 4.166666666666667,
        "TLD Registrar Solutions Ltd.": 4.166666666666667,
        "total": 100.00000000000001
    }
}